"SNP","p.value","Neg_logP","chr","position","type","gene"
"rs1532625",8.9446266505479e-08,7.04843778220569,16,57005301,"typed","CETP"
"rs289742",0.000425766655814551,3.37082835361348,16,57017762,"typed","CETP"
"rs289715",0.00474081490865695,2.3241470001162,16,57008508,"typed","CETP"
"rs6499863",0.0139464565469752,1.85553612196584,16,56992017,"typed","CETP"
"rs4783962",0.101193334114312,0.994848094736522,16,56995038,"typed","CETP"
"rs1800777",0.10836167372926,0.965124295575303,16,57017319,"typed","CETP"
"rs12708980",0.633148528589581,0.198494398070757,16,57012379,"typed","CETP"
"rs1532624",1.03645529633407e-07,6.98444942485243,16,57005479,"imputed","CETP"
"rs7205804",1.03645529633407e-07,6.98444942485243,16,57004889,"imputed","CETP"
"rs17231506",1.74600039694082e-07,6.75795566189666,16,56994528,"imputed","CETP"
"rs183130",1.74600039694082e-07,6.75795566189666,16,56991363,"imputed","CETP"
"rs3764261",1.74600039694082e-07,6.75795566189666,16,56993324,"imputed","CETP"
"rs821840",1.74600039694082e-07,6.75795566189666,16,56993886,"imputed","CETP"
"rs11508026",1.17479657200698e-06,5.93003732939526,16,56999328,"imputed","CETP"
"rs12444012",1.17479657200698e-06,5.93003732939526,16,57001438,"imputed","CETP"
"rs12720926",1.17479657200698e-06,5.93003732939526,16,56998918,"imputed","CETP"
"rs4784741",1.17479657200698e-06,5.93003732939526,16,57001216,"imputed","CETP"
"rs34620476",1.17797184973254e-06,5.92886508786123,16,56996649,"imputed","CETP"
"rs708272",1.17797184973254e-06,5.92886508786123,16,56996288,"imputed","CETP"
"rs711752",1.17797184973254e-06,5.92886508786123,16,56996211,"imputed","CETP"
"rs12720922",3.39221264376359e-06,5.46951693143933,16,57000885,"imputed","CETP"
"rs8045855",3.39221264376359e-06,5.46951693143933,16,57000696,"imputed","CETP"
"rs12149545",3.69210587898572e-06,5.43272585314994,16,56993161,"imputed","CETP"
"rs1800775",1.42395242997848e-05,4.8465045189456,16,56995236,"imputed","CETP"
"rs3816117",1.42395242997848e-05,4.8465045189456,16,56996158,"imputed","CETP"
"rs11076175",1.43141637584843e-05,4.84423401862974,16,57006378,"imputed","CETP"
"rs7499892",1.43141637584843e-05,4.84423401862974,16,57006590,"imputed","CETP"
"rs11076176",0.000110076566729356,3.95830512447328,16,57007446,"imputed","CETP"
"rs289714",0.000112394794693437,3.94925380165187,16,57007451,"imputed","CETP"
"rs158478",0.000195808749692604,3.70816790569777,16,57007734,"imputed","CETP"
"rs9939224",0.00030752783140154,3.5121155742718,16,57002732,"imputed","CETP"
"rs12447620",0.000434468087448162,3.36204211784398,16,57014319,"imputed","CETP"
"rs158480",0.000434468087448162,3.36204211784398,16,57008227,"imputed","CETP"
"rs158617",0.000434468087448162,3.36204211784398,16,57008287,"imputed","CETP"
"rs11076174",0.00429392793767848,2.36714524833275,16,57003146,"imputed","CETP"
"rs112039804",0.00474279308019649,2.32396582244683,16,57018856,"imputed","CETP"
"rs12708985",0.00474279308019649,2.32396582244683,16,57014610,"imputed","CETP"
"rs736274",0.00474279308019649,2.32396582244683,16,57009769,"imputed","CETP"
"rs2115429",0.0140318144577516,1.85288616660256,16,56992842,"imputed","CETP"
"rs6499861",0.0140318144577516,1.85288616660256,16,56991495,"imputed","CETP"
"rs6499862",0.0140318144577516,1.85288616660256,16,56991524,"imputed","CETP"
"rs201825234",0.0140318144577518,1.85288616660256,16,56991948,"imputed","CETP"
"rs158479",0.0176481493970908,1.75330082845004,16,57008048,"imputed","CETP"
"rs289713",0.0184867287696581,1.73313993053762,16,57006829,"imputed","CETP"
"rs12720918",0.0269031279328057,1.57019722315806,16,56994212,"imputed","CETP"
"rs12920974",0.0269031279328057,1.57019722315806,16,56993025,"imputed","CETP"
"rs36229787",0.0328468528460017,1.48350623514807,16,56993897,"imputed","CETP"
"rs289712",0.0463007322788708,1.33441214025293,16,57006305,"imputed","CETP"
"rs820299",0.0531303600140034,1.27465724127894,16,57000284,"imputed","CETP"
"rs34946873",0.0592496901157398,1.22731391673349,16,56991143,"imputed","CETP"
"rs12597002",0.0648244176694218,1.1882613758944,16,57002404,"imputed","CETP"
"rs60545348",0.0648244176694218,1.1882613758944,16,57001985,"imputed","CETP"
"rs708273",0.0648244176694218,1.1882613758944,16,56999949,"imputed","CETP"
"rs4369653",0.0667444942365426,1.17558455350358,16,56997551,"imputed","CETP"
"rs4587963",0.0772058005243427,1.11235006959847,16,56997369,"imputed","CETP"
"rs5880",0.0814450552323077,1.08913527784426,16,57015091,"imputed","CETP"
"rs1800776",0.0940301594174108,1.02673282759409,16,56995234,"imputed","CETP"
"rs289746",0.0955871450861872,1.01960050932972,16,57020205,"imputed","CETP"
"rs12447839",0.101458901643273,0.993709843505386,16,56993935,"imputed","CETP"
"rs12447924",0.101458901643273,0.993709843505386,16,56994192,"imputed","CETP"
"rs158477",0.160261933360006,0.795169622343033,16,57007610,"imputed","CETP"
"rs12708983",0.271757410517657,0.565818604360174,16,57014411,"imputed","CETP"
"rs66495554",0.282775243452456,0.548558615039991,16,57018636,"imputed","CETP"
"rs12720889",0.285728413406911,0.544046570354861,16,57012563,"imputed","CETP"
"rs12934552",0.318855540503022,0.496406032216059,16,57021433,"imputed","CETP"
"rs12708968",0.347612542855258,0.458904561352981,16,56994819,"imputed","CETP"
"rs17245715",0.347612542855258,0.458904561352981,16,56994990,"imputed","CETP"
"rs4783961",0.46619616474126,0.331431303613723,16,56994894,"imputed","CETP"
"rs12598522",0.485336087876464,0.313957414881063,16,57022352,"imputed","CETP"
"rs56315364",0.485336087876464,0.313957414881063,16,57021524,"imputed","CETP"
"rs117427818",0.510138928845861,0.292311534069568,16,57010486,"imputed","CETP"
"rs11860407",0.593505942682721,0.226574928164499,16,57010828,"imputed","CETP"
"rs2033254",0.593505942682721,0.226574928164499,16,57009985,"imputed","CETP"
"rs7405284",0.613448148118532,0.212222140251863,16,57001275,"imputed","CETP"
"rs1800774",0.620097136155679,0.207540274385444,16,57015545,"imputed","CETP"
"rs36229786",0.622767705478278,0.205673916489635,16,56993901,"imputed","CETP"
"rs12708974",0.856850871237396,0.0670947573467864,16,57005550,"imputed","CETP"
